"","Age_at_diag","Gender","Surgery","Histo","Localisation","FNCLCC","META","META_DATE","DOD","FU","Ploidy","WGD","ITH","Mut","CINSARC","Association"
"TCGA-3B-A9HI-01",68,"MALE","R1","UPS","Upper Extremity - Upper arm/elbow",3,1,2.16563997262149,0,4.16427104722793,3.33,1,0.08,89,"C1",0.499201851704047
"TCGA-3B-A9HL-01",67,"MALE","R1","DDLPS","Retroperitoneum/Upper abdominal - Retroperitoneum",2,1,0.626967830253251,0,1.63997262149213,NA,NA,NA,86,"C1",0.20787772368106
"TCGA-3B-A9HO-01",75,"MALE","R1","DDLPS","Retroperitoneum/Upper abdominal - Intraabdominal",2,0,2.62559890485969,0,2.62559890485969,3.73,1,0.07,105,"C1",0.411764705882353
"TCGA-3B-A9HP-01",57,"FEMALE","R1","ULMS","Retroperitoneum/Upper abdominal - Retroperitoneum",2,1,1.4154688569473,1,4.45448323066393,2.03,0,0.03,70,"C1",0.527376486551201
"TCGA-3B-A9HQ-01",66,"FEMALE","R0","STLMS","Retroperitoneum/Upper abdominal - Retroperitoneum",2,0,5.70841889117043,0,5.70841889117043,1.96,0,0.02,90,"C2",-0.446164897437944
"TCGA-3B-A9HR-01",38,"FEMALE","R0","STLMS","Lower Extremity - Thigh/knee",2,1,1.35797399041752,1,7.37577002053388,3.21,1,0.15,57,"C2",-0.293598850666454
"TCGA-3B-A9HS-01",60,"MALE","R0","DDLPS","Retroperitoneum/Upper abdominal - Retroperitoneum",2,1,0.492813141683778,1,3.73990417522245,3.29,1,0.43,101,"C2",-0.27021310559502
"TCGA-3B-A9HT-01",53,"MALE","R0","STLMS","Head and Neck - Other (please specify",2,0,4.55852156057495,0,4.55852156057495,NA,NA,NA,394,"C2",-0.479687125867986
"TCGA-3B-A9HU-01",53,"FEMALE","R0","STLMS","Retroperitoneum/Upper abdominal - Retroperitoneum",2,1,1.72758384668036,0,2.10266940451745,1.8,0,0.13,54,"C2",-0.416074706680501
"TCGA-3B-A9HV-01",48,"FEMALE","RX","ULMS","Gynecological - Uterus",3,1,0.112251882272416,1,1.19644079397673,1.92,0,0.25,82,"C2",-0.514007502593982
"TCGA-3B-A9HX-01",70,"FEMALE","R0","STLMS","Retroperitoneum/Upper abdominal - Colon",3,0,3.56741957563313,0,3.56741957563313,3.14,1,0.24,69,"C2",-0.279192273924495
"TCGA-3B-A9HY-01",49,"MALE","R0","STLMS","Lower Extremity - Thigh/knee",2,0,0.85968514715948,0,0.85968514715948,1.83,0,0.08,76,"C2",-0.299864314789688
"TCGA-3B-A9HZ-01",66,"MALE","R1","STLMS","Chest - Mediastinum",2,1,0.845995893223819,0,3.20328542094456,1.86,0,0.11,73,"C1",0.356612658631974
"TCGA-3B-A9I0-01",33,"MALE","R0","STLMS","Retroperitoneum/Upper abdominal - Retroperitoneum",2,1,1.37713894592745,0,3.00068446269678,1.89,0,0.06,48,"C2",-0.299185888738128
"TCGA-3B-A9I1-01",56,"FEMALE","RX","ULMS","Gynecological - Uterus",2,1,0.525667351129363,1,1.5523613963039,3.17,1,0.37,66,"C1",0.212706520871578
"TCGA-3B-A9I3-01",62,"MALE","R1","STLMS","Retroperitoneum/Upper abdominal - Retroperitoneum",1,0,2.21218343600274,0,2.21218343600274,1.62,0,0.39,101,"C2",-0.581530848431639
"TCGA-3R-A8YX-01",66,"MALE","R2","DDLPS","Retroperitoneum/Upper abdominal - Retroperitoneum",3,0,0.0465434633812457,1,0.0465434633812457,6.24,2,0.07,89,"C2",-0.28561736770692
"TCGA-DX-A1KU-01",82,"MALE","R2","DDLPS","Retroperitoneum/Upper abdominal - Retroperitoneum",2,1,0.257357973990418,1,1.16906228610541,3.24,1,0.33,73,"C1",0.215659669566606
"TCGA-DX-A1KW-01",67,"MALE","R1","DDLPS","Retroperitoneum/Upper abdominal - Retroperitoneum",2,0,2.72416153319644,NA,2.72416153319644,3.3,1,0.21,56,"C2",-0.0292521350466917
"TCGA-DX-A1KX-01",67,"FEMALE","R0","UPS","Lower abdominal/Pelvic - Pelvic",2,0,5.7138945927447,0,5.7138945927447,3.98,2,0.21,107,"C1",0.0500438981562774
"TCGA-DX-A1KY-01",66,"MALE","R1","DDLPS","Retroperitoneum/Upper abdominal - Retroperitoneum",2,1,0.561259411362081,1,1.07049965776865,2.39,1,0.09,98,"C1",0.0775800143666694
"TCGA-DX-A1KZ-01",66,"MALE","R1","DDLPS","Retroperitoneum/Upper abdominal - Retroperitoneum",2,0,3.75633127994524,0,3.75633127994524,4.07,1,0.11,41,"C1",0.335940617766781
"TCGA-DX-A1L0-01",58,"MALE","R1","DDLPS","Retroperitoneum/Upper abdominal - Retroperitoneum",2,0,1.54414784394251,1,1.54414784394251,2.88,1,0.21,103,"C2",-0.0659669566605476
"TCGA-DX-A1L1-01",60,"MALE","R0","DDLPS","Retroperitoneum/Upper abdominal - Retroperitoneum",2,1,1.56878850102669,1,4.51471594798083,2.28,1,0.31,87,"C1",0.421422300263389
"TCGA-DX-A1L3-01",60,"FEMALE","R1","DDLPS","Retroperitoneum/Upper abdominal - Retroperitoneum",2,1,1.40999315537303,1,2.79260780287474,2.05,0,0,67,"C1",0.0448559342325804
"TCGA-DX-A1L4-01",60,"MALE","R0","DDLPS","Retroperitoneum/Upper abdominal - Retroperitoneum",2,0,5.57426420260096,0,5.57426420260096,NA,NA,NA,21,"C1",0.306209593742517
"TCGA-DX-A23R-01",55,"FEMALE","R1","DDLPS","Retroperitoneum/Upper abdominal - Retroperitoneum",2,0,6.217659137577,0,6.217659137577,1.97,0,0.61,46,"C2",-0.298706999760556
"TCGA-DX-A23T-01",40,"FEMALE","R1","DDLPS","Retroperitoneum/Upper abdominal - Retroperitoneum",2,0,0.438056125941136,1,0.438056125941136,NA,NA,NA,14,"C1",0.299185888738128
"TCGA-DX-A23V-01",57,"FEMALE","R1","DDLPS","Retroperitoneum/Upper abdominal - Retroperitoneum",2,0,5.56878850102669,1,5.56878850102669,2.03,0,0.01,22,"C1",0.665176789847554
"TCGA-DX-A23Y-01",80,"MALE","R1","DDLPS","Retroperitoneum/Upper abdominal - Retroperitoneum",3,0,0.522929500342231,1,0.522929500342231,3.46,1,0.12,66,"C2",-0.0839652007342964
"TCGA-DX-A240-01",51,"MALE","R0","DDLPS","Lower abdominal/Pelvic - Spermatic Cord",2,0,5.02121834360027,0,5.02121834360027,2.11,0,0.02,35,"C1",0.378641551600287
"TCGA-DX-A2IZ-01",60,"MALE","R0","DDLPS","Retroperitoneum/Upper abdominal - Retroperitoneum",3,0,0.714579055441478,0,0.714579055441478,1.99,0,0,52,"C1",0.110344001915556
"TCGA-DX-A2J0-01",61,"MALE","R1","DDLPS","Retroperitoneum/Upper abdominal - Retroperitoneum",2,0,0.80766598220397,1,0.80766598220397,1.88,0,0.07,60,"C1",0.222044855934233
"TCGA-DX-A2J1-01",53,"MALE","R1","DDLPS","Retroperitoneum/Upper abdominal - Retroperitoneum",2,0,7.94250513347023,0,7.94250513347023,2.05,0,0.01,57,"C1",0.365033123154282
"TCGA-DX-A2J4-01",60,"MALE","R0","DDLPS","Retroperitoneum/Upper abdominal - Intraabdominal",2,0,6.5927446954141,0,6.5927446954141,2.04,0,0,53,"C1",0.700015962965919
"TCGA-DX-A3LS-01",78,"FEMALE","R1","DDLPS","Retroperitoneum/Upper abdominal - Retroperitoneum",3,1,0.31211498973306,1,0.752908966461328,1.93,0,0.03,68,"C1",0.38510655279751
"TCGA-DX-A3LT-01",62,"MALE","R0","DDLPS","Upper Extremity - Upper arm/elbow",2,0,4.08487337440109,0,4.08487337440109,1.79,0,0.48,40,"C2",-0.092345757841807
"TCGA-DX-A3LU-01",60,"MALE","R1","DDLPS","Retroperitoneum/Upper abdominal - Retroperitoneum",2,0,7.23066392881588,0,7.23066392881588,2.09,0,0.04,49,"C1",0.439819618485115
"TCGA-DX-A3LW-01",43,"MALE","R1","DDLPS","Retroperitoneum/Upper abdominal - Retroperitoneum",2,0,11.3620807665982,0,11.3620807665982,1.99,0,0.1,50,"C1",0.0298507462686567
"TCGA-DX-A3LY-01",66,"MALE","R0","DDLPS","Retroperitoneum/Upper abdominal - Retroperitoneum",2,0,2.78439425051335,0,2.78439425051335,3.83,1,0.18,69,"C1",0.344879878681459
"TCGA-DX-A3M1-01",79,"MALE","R2","DDLPS","Retroperitoneum/Upper abdominal - Retroperitoneum",2,0,3.72073921971253,0,3.72073921971253,3.68,1,0.15,87,"C2",-0.130936227951153
"TCGA-DX-A3M2-01",59,"MALE","R1","UPS","Retroperitoneum/Upper abdominal - Retroperitoneum",2,0,2.88843258042437,0,2.88843258042437,3.34,1,0.39,125,"C2",-0.00431000079814825
"TCGA-DX-A3U5-01",52,"MALE","R1","DDLPS","Retroperitoneum/Upper abdominal - Retroperitoneum",2,0,2.65297741273101,0,2.65297741273101,2.03,0,0.02,43,"C1",0.0130098172240403
"TCGA-DX-A3U6-01",63,"FEMALE","R0","DDLPS","Retroperitoneum/Upper abdominal - Retroperitoneum",2,0,2.97878165639973,1,2.97878165639973,2.02,0,0.01,11,"C1",0.66968632771969
"TCGA-DX-A3U7-01",67,"MALE","R0","STLMS","Lower Extremity - Thigh/knee",2,1,0.955509924709103,1,4.24914442162902,3.21,1,0.2,41,"C2",-0.573309920983319
"TCGA-DX-A3U8-01",43,"MALE","R0","UPS","Lower abdominal/Pelvic - Spermatic Cord",2,1,0.350444900752909,1,0.37782340862423,2.23,0,0,49,"C2",-0.00494851943491104
"TCGA-DX-A3U9-01",84,"MALE","R1","STLMS","Lower abdominal/Pelvic - Other (please specify",2,1,0.919917864476386,1,1.24845995893224,1.78,0,0.29,96,"C2",-0.592425572671402
"TCGA-DX-A3UA-01",47,"FEMALE","R0","STLMS","Lower Extremity - Foot/ankle",2,0,0.889801505817933,1,0.889801505817933,1.85,0,0.34,48,"C1",0.0793758480325645
"TCGA-DX-A3UB-01",54,"MALE","R0","STLMS","Retroperitoneum/Upper abdominal - Small Intestines",1,0,6.15195071868583,0,6.15195071868583,1.97,0,0,56,"C1",0.694149572990662
"TCGA-DX-A3UC-01",37,"FEMALE","R0","STLMS","Retroperitoneum/Upper abdominal - Retroperitoneum",2,1,0.48186173853525,0,5.70841889117043,1.9,0,0.02,67,"C2",-0.565647697342166
"TCGA-DX-A3UD-01",56,"MALE","R0","STLMS","Retroperitoneum/Upper abdominal - Kidney",2,1,1.65092402464066,0,4.19986310746064,3.59,1,0.23,56,"C2",-0.262431159709474
"TCGA-DX-A3UE-01",66,"FEMALE","R0","STLMS","Superficial Trunk - Back",2,1,0.613278576317591,1,2.90485968514716,1.89,0,0.1,107,"C1",0.263109585761034
"TCGA-DX-A3UF-01",65,"FEMALE","R1","STLMS","Retroperitoneum/Upper abdominal - Retroperitoneum",2,1,2.63928815879535,1,7.11567419575633,1.7,0,0.36,74,"C2",-0.611062335381914
"TCGA-DX-A48J-01",44,"MALE","R0","STLMS","Retroperitoneum/Upper abdominal - Retroperitoneum",2,1,0.268309377138946,1,0.810403832991102,1.88,0,0.1,36,"C1",0.605914278873015
"TCGA-DX-A48K-01",65,"MALE","R0","STLMS","Lower Extremity - Lower leg/calf",2,0,3.83025325119781,0,3.83025325119781,1.97,0,0.14,47,"C2",-0.293279591348072
"TCGA-DX-A48L-01",49,"FEMALE","R0","STLMS","Lower Extremity - Lower leg/calf",1,1,0.865160848733744,1,2.02053388090349,1.91,0,0.58,124,"C2",-0.31387181738367
"TCGA-DX-A48N-01",47,"MALE","R1","DDLPS","Retroperitoneum/Upper abdominal - Retroperitoneum",2,0,2.93771389459274,0,2.93771389459274,4.19,1,0.12,101,"C2",-0.0797749221805411
"TCGA-DX-A48O-01",63,"FEMALE","R0","STLMS","Retroperitoneum/Upper abdominal - Retroperitoneum",2,0,4.39425051334702,0,4.39425051334702,1.81,0,0,121,"C2",-0.0761433474339532
"TCGA-DX-A48P-01",54,"FEMALE","R0","STLMS","Retroperitoneum/Upper abdominal - Retroperitoneum",1,0,3.83299110198494,0,3.83299110198494,1.86,0,0.18,114,"C1",0.363835900710352
"TCGA-DX-A48R-01",41,"MALE","R1","STLMS","Retroperitoneum/Upper abdominal - Retroperitoneum",1,1,0.862422997946612,0,2.20396988364134,1.82,0,0.32,76,"C2",-0.570276957458696
"TCGA-DX-A48U-01",57,"MALE","R0","STLMS","Retroperitoneum/Upper abdominal - Retroperitoneum",2,0,9.06228610540725,0,9.06228610540725,1.86,0,0,59,"C1",0.474060180381515
"TCGA-DX-A6B7-01",55,"MALE","R0","STLMS","Retroperitoneum/Upper abdominal - Colon",2,0,3.12936344969199,0,3.12936344969199,1.87,0,0,50,"C2",-0.0874371458216936
"TCGA-DX-A6B9-01",45,"FEMALE","R0","STLMS","Retroperitoneum/Upper abdominal - Colon",1,0,3.11567419575633,0,3.11567419575633,1.88,0,0,27,"C1",0.456700454944529
"TCGA-DX-A6BA-01",53,"FEMALE","R0","STLMS","Lower abdominal/Pelvic - Pelvic",3,1,2.76522929500342,0,6.88569472963724,3.41,1,0.13,90,"C2",-0.600446963045734
"TCGA-DX-A6BB-01",74,"MALE","R1","STLMS","Lower abdominal/Pelvic - Pelvic",2,0,3.02532511978097,0,3.02532511978097,2.16,0,0.08,62,"C1",0.301580333625988
"TCGA-DX-A6BE-01",77,"MALE","R0","DDLPS","Retroperitoneum/Upper abdominal - Retroperitoneum",2,0,2.41204654346338,0,2.41204654346338,2.06,0,0,54,"C1",0.630297709314391
"TCGA-DX-A6BF-01",82,"FEMALE","R1","DDLPS","Retroperitoneum/Upper abdominal - Retroperitoneum",3,0,2.6611909650924,0,2.6611909650924,5.45,2,0.14,127,"C1",0.507462686567164
"TCGA-DX-A6BG-01",51,"MALE","R0","DDLPS","Retroperitoneum/Upper abdominal - Retroperitoneum",2,1,1.41820670773443,0,3.06913073237509,2.13,0,0.02,55,"C1",0.475736291803017
"TCGA-DX-A6BH-01",34,"MALE","R1","DDLPS","Lower abdominal/Pelvic - Pelvic",2,0,2.24777549623546,0,2.24777549623546,2.02,0,0.02,50,"C1",0.704725037912044
"TCGA-DX-A6YQ-01",86,"FEMALE","R0","MFS","Lower Extremity - Other (please specify",3,0,0.254620123203285,0,0.254620123203285,2.8,1,0.23,107,"C2",-0.333067283901349
"TCGA-DX-A6YR-01",75,"MALE","R0","MFS","Chest - Chest wall",2,0,3.41409993155373,0,3.41409993155373,NA,NA,NA,108,"C1",0.440019155559103
"TCGA-DX-A6YU-01",50,"FEMALE","R0","MFS","Chest - Chest wall",3,0,2.86105407255305,0,2.86105407255305,3.24,1,0.17,48,"C2",-0.232420783781627
"TCGA-DX-A6YX-01",68,"FEMALE","R0","MFS","Lower Extremity - Thigh/knee",3,1,0.54757015742642,1,1.40451745379877,2.94,1,0.06,60,"C2",-0.543379359885067
"TCGA-DX-A6Z0-01",78,"FEMALE","R1","MFS","Lower Extremity - Thigh/knee",3,0,5.34702258726899,0,5.34702258726899,3.39,2,0.32,77,"C2",-0.285457738047729
"TCGA-DX-A6Z2-01",82,"FEMALE","R0","STLMS","Retroperitoneum/Upper abdominal - Retroperitoneum",2,1,7.27994524298426,0,8.42984257357974,1.94,0,0,97,"C2",-0.116409928964802
"TCGA-DX-A7EF-01",88,"FEMALE","R0","UPS","Lower Extremity - Thigh/knee",3,1,0.804928131416838,1,1.7741273100616,4.96,2,0.25,66,"C2",-0.148056508899354
"TCGA-DX-A7EI-01",78,"FEMALE","R1","DDLPS","Retroperitoneum/Upper abdominal - Retroperitoneum",2,0,2.87200547570157,1,2.87200547570157,3.14,1,0.28,56,"C2",-0.203208556149733
"TCGA-DX-A7EL-01",56,"FEMALE","R0","STLMS","Retroperitoneum/Upper abdominal - Other (please specify",2,1,6.1574264202601,0,6.27241615331964,2.06,0,0.08,58,"C1",0.389975257402825
"TCGA-DX-A7EM-01",61,"MALE","R0","STLMS","Retroperitoneum/Upper abdominal - Retroperitoneum",2,0,5.18001368925394,0,5.18001368925394,2.73,1,0.2,72,"C2",-0.302378481921941
"TCGA-DX-A7EN-01",53,"FEMALE","R0","STLMS","Retroperitoneum/Upper abdominal - Retroperitoneum",3,1,0.9637234770705,0,2.52703627652293,1.81,0,0.11,51,"C2",-0.383071274642829
"TCGA-DX-A7EO-01",20,"FEMALE","R0","SS","Superficial Trunk - Flank",3,0,12.6680355920602,0,12.6680355920602,1.9,0,0,37,"C1",0.101843722563652
"TCGA-DX-A7EQ-01",72,"MALE","R0","SS","Lower Extremity - Thigh/knee",3,1,0.687200547570157,1,2.4558521560575,1.99,0,0.01,61,"C1",0.524742597174555
"TCGA-DX-A7ER-01",69,"MALE","R0","SS","Chest - Lung/pleura",2,0,4.01368925393566,0,4.01368925393566,NA,NA,NA,40,"C1",0.611261872455902
"TCGA-DX-A7ES-01",50,"FEMALE","R0","DDLPS","Retroperitoneum/Upper abdominal - Retroperitoneum",2,0,1.67008898015058,0,1.67008898015058,NA,NA,NA,53,"C1",0.691914757761992
"TCGA-DX-A7ET-01",71,"MALE","R0","UPS","Superficial Trunk - Abdominal wall",3,0,1.26762491444216,0,1.26762491444216,2.53,1,0.23,53,"C2",-0.15615771410328
"TCGA-DX-A8BH-01",86,"MALE","R0","MFS","Superficial Trunk - Abdominal wall",2,1,0.744695414099932,1,1.20191649555099,3.01,1,0.13,81,"C2",-0.159988825923857
"TCGA-DX-A8BJ-01",76,"MALE","R0","UPS","Chest - Chest wall",2,0,0.777549623545517,0,0.777549623545517,2.96,2,0.38,92,"C2",-0.274563013807966
"TCGA-DX-A8BK-01",61,"FEMALE","R0","UPS","Lower Extremity - Thigh/knee",2,0,5.16084873374401,0,5.16084873374401,3.31,1,0.26,39,"C2",-0.165136882432756
"TCGA-DX-A8BL-01",59,"MALE","R0","MFS","Upper Extremity - Shoulder/axilla",2,0,3.75906913073237,0,3.75906913073237,3.43,1,0.18,132,"C2",-0.0284140793359406
"TCGA-DX-A8BM-01",60,"MALE","R0","UPS","Lower Extremity - Thigh/knee",3,0,3.98631074606434,0,3.98631074606434,NA,NA,NA,105,"C2",-0.259877085162423
"TCGA-DX-A8BN-01",78,"FEMALE","R1","UPS","Lower Extremity - Thigh/knee",3,0,3.17864476386037,0,3.17864476386037,2,0,0.13,56,"C2",-0.200534759358289
"TCGA-DX-A8BO-01",67,"FEMALE","R1","UPS","Lower Extremity - Lower leg/calf",3,0,3.39493497604381,0,3.39493497604381,1.65,0,0.2,49,"C2",-0.0102162981882035
"TCGA-DX-A8BR-01",63,"FEMALE","R0","MFS","Lower Extremity - Thigh/knee",2,0,12.5201916495551,0,12.5201916495551,NA,NA,NA,69,"C2",-0.236930321653763
"TCGA-DX-A8BT-01",63,"FEMALE","R1","UPS","Upper Extremity - Shoulder/axilla",3,0,3.36755646817248,0,3.36755646817248,2.02,1,0.13,116,"C1",0.0232261154122436
"TCGA-DX-A8BU-01",58,"MALE","R1","UPS","Lower Extremity - Thigh/knee",3,1,0.292950034223135,1,3.05544147843943,1.73,0,0.52,110,"C2",-0.442413600446963
"TCGA-DX-A8BV-01",57,"MALE","R0","MFS","Retroperitoneum/Upper abdominal - Retroperitoneum",3,1,1.56878850102669,1,5.05133470225873,3.45,1,0.19,80,"C2",-0.16318141910767
"TCGA-DX-A8BX-01",52,"MALE","R0","UPS","Retroperitoneum/Upper abdominal - Retroperitoneum",3,0,1.61806981519507,1,1.61806981519507,2.54,1,0.05,96,"C1",0.409290446164898
"TCGA-DX-A8BZ-01",78,"FEMALE","R0","UPS","Superficial Trunk - Buttock",3,1,0.246406570841889,1,0.54757015742642,1.83,0,0.22,48,"C1",0.0679224199856333
"TCGA-DX-AB2E-01",60,"MALE","R0","MFS","Upper Extremity - Shoulder/axilla",3,1,0.361396303901437,0,1.48117727583847,5.15,2,0.31,1190,"C2",-0.265982919626467
"TCGA-DX-AB2F-01",76,"FEMALE","R0","DDLPS","Retroperitoneum/Upper abdominal - Retroperitoneum",2,0,0.999315537303217,0,0.999315537303217,1.99,0,0.27,78,"C1",0.0662064011493335
"TCGA-DX-AB2G-01",36,"MALE","R0","DDLPS","Retroperitoneum/Upper abdominal - Retroperitoneum",2,0,1.30869267624914,0,1.30869267624914,NA,NA,NA,70,"C1",0.69486790645702
"TCGA-DX-AB2H-01",80,"FEMALE","R0","DDLPS","Retroperitoneum/Upper abdominal - Retroperitoneum",3,0,1.31964407939767,0,1.31964407939767,1.91,0,0.16,82,"C2",-0.0216298188203368
"TCGA-DX-AB2O-01",78,"FEMALE","R0","UPS","Lower Extremity - Lower leg/calf",3,0,7.17043121149897,0,7.17043121149897,NA,NA,NA,97,"C2",-0.462526937504989
"TCGA-DX-AB2P-01",79,"MALE","R0","UPS","Lower Extremity - Thigh/knee",3,1,0.440793976728268,1,1.00479123887748,1.69,0,0.75,75,"C2",-0.238845877564051
"TCGA-DX-AB2Q-01",65,"FEMALE","R0","UPS","Lower Extremity - Lower leg/calf",3,1,1.34154688569473,0,5.55783709787817,4.56,2,0.26,115,"C2",-0.410926650171602
"TCGA-DX-AB2S-01",53,"FEMALE","R0","DDLPS","Superficial Trunk - Back",1,0,0.766598220396988,0,0.766598220396988,NA,NA,NA,47,"C1",0.289129220209115
"TCGA-DX-AB2T-01",54,"FEMALE","R0","MFS","Lower Extremity - Thigh/knee",3,1,2.14647501711157,0,6.48596851471595,3.52,1,0.22,94,"C2",-0.234895043499082
"TCGA-DX-AB2V-01",81,"MALE","R0","MFS","Superficial Trunk - Back",3,0,8.87337440109514,0,8.87337440109514,1.78,0,0.46,134,"C1",0.667730864394604
"TCGA-DX-AB2W-01",62,"FEMALE","R0","UPS","Lower Extremity - Thigh/knee",3,0,8.86516084873374,0,8.86516084873374,2.64,1,0.4,192,"C2",-0.243115970947402
"TCGA-DX-AB2X-01",73,"FEMALE","R0","MFS","Lower Extremity - Lower leg/calf",3,1,0.596851471594798,1,1.10609171800137,2.69,1,0.28,59,"C2",-0.259637640673637
"TCGA-DX-AB2Z-01",87,"FEMALE","R0","UPS","Lower Extremity - Thigh/knee",2,0,4.19712525667351,0,4.19712525667351,3.08,1,0.22,115,"C2",-0.47346156915955
"TCGA-DX-AB32-01",51,"MALE","R0","UPS","Chest - Chest wall",3,0,8.49281314168378,0,8.49281314168378,1.7,0,0.01,355,"C2",-0.164777715699577
"TCGA-DX-AB35-01",65,"MALE","R0","DDLPS","Retroperitoneum/Upper abdominal - Retroperitoneum",2,0,2.54072553045859,0,2.54072553045859,3.36,1,0.51,69,"C2",-0.365312475057866
"TCGA-DX-AB36-01",86,"MALE","R1","DDLPS","Chest - Chest wall",2,0,4.99657768651609,NA,4.99657768651609,2.04,0,0.08,39,"C2",-0.251257083566127
"TCGA-DX-AB37-01",73,"FEMALE","R0","DDLPS","Lower Extremity - Thigh/knee",3,0,7.04996577686516,NA,7.04996577686516,2.16,0,0.06,91,"C1",0.324966078697422
"TCGA-DX-AB3A-01",80,"MALE","R0","DDLPS","Retroperitoneum/Upper abdominal - Retroperitoneum",3,1,2.1492128678987,1,2.6776180698152,2.07,0,0.13,61,"C2",-0.0282943570915477
"TCGA-DX-AB3B-01",28,"FEMALE","R0","SS","Lower Extremity - Foot/ankle",2,0,4.23819301848049,0,4.23819301848049,1.94,0,0.04,42,"C1",0.552238805970149
"TCGA-DX-AB3C-01",27,"MALE","R0","SS","Lower Extremity - Thigh/knee",3,1,1.5523613963039,0,5.93839835728953,1.9,0,0,27,"C1",0.444209434112858
"TCGA-FX-A2QS-01",61,"FEMALE","R0","DDLPS","Retroperitoneum/Upper abdominal - Other (please specify",3,0,4.09308692676249,0,4.09308692676249,3.26,1,0.13,93,"C2",-0.246188841886823
"TCGA-FX-A3NJ-01",54,"MALE","R0","STLMS","Retroperitoneum/Upper abdominal - Kidney",1,0,2.5927446954141,0,2.5927446954141,1.92,0,0.04,41,"C1",0.400271370420624
"TCGA-FX-A3NK-01",53,"MALE","R0","DDLPS","Retroperitoneum/Upper abdominal - Gastric",2,0,1.38261464750171,0,1.38261464750171,2.03,0,0.04,49,"C1",0.230585042700934
"TCGA-FX-A3RE-01",65,"FEMALE","RX","ULMS","Gynecological - Ovary",2,0,1.80698151950719,0,1.80698151950719,1.89,0,0.19,166,"C1",0.0954585361960252
"TCGA-FX-A3TO-01",87,"MALE","R1","UPS","Retroperitoneum/Upper abdominal - Retroperitoneum",2,0,1.69199178644764,0,1.69199178644764,4.16,2,0.2,95,"C2",-0.33167052438343
"TCGA-FX-A48G-01",56,"FEMALE","RX","ULMS","Gynecological - Uterus",2,1,0.459958932238193,1,1.65639972621492,1.75,0,0.11,48,"C1",0.43870221087078
"TCGA-FX-A76Y-01",49,"FEMALE","R0","ULMS","Gynecological - Uterus",2,0,1.28952772073922,0,1.28952772073922,1.9,0,0.01,50,"C1",0.368505068241679
"TCGA-FX-A8OO-01",31,"FEMALE","R0","SS","Chest - Lung/pleura",3,0,0.670773442847365,0,0.670773442847365,2.04,0,0,61,"C1",0.580852422380078
"TCGA-HB-A2OT-01",78,"FEMALE","R0","UPS","Lower Extremity - Thigh/knee",3,0,5.63175906913073,0,5.63175906913073,1.71,0,0.65,100,"C2",-0.0258200973740921
"TCGA-HB-A3L4-01",46,"FEMALE","R0","ULMS","Gynecological - Uterus|Gynecological - Cervix",3,1,0.892539356605065,1,2.90485968514716,1.85,0,0.01,52,"C2",-0.222962726474579
"TCGA-HB-A3YV-01",75,"MALE","R1","DDLPS","Retroperitoneum/Upper abdominal - Kidney",3,0,0.380561259411362,1,0.380561259411362,3.5,1,0.14,69,"C2",-0.304493574906218
"TCGA-HB-A43Z-01",58,"FEMALE","R0","ULMS","Gynecological - Uterus",3,1,2.4476386036961,0,3.08281998631075,2.8,1,0.32,94,"C2",-0.357849788490702
"TCGA-HB-A5W3-01",58,"FEMALE","R0","STLMS","Retroperitoneum/Upper abdominal - Kidney",1,0,1.05133470225873,1,1.05133470225873,1.74,0,0.16,45,"C1",0.272008939260915
"TCGA-HS-A5N7-01",67,"FEMALE","R0","STLMS","Retroperitoneum/Upper abdominal - Retroperitoneum",2,0,2.77344284736482,0,2.77344284736482,1.73,0,0.02,47,"C2",-0.0719929762949956
"TCGA-HS-A5N8-01",69,"FEMALE","R2","ULMS","Gynecological - Uterus",2,0,0.0602327173169062,NA,0.0602327173169062,2.85,1,0.4,61,"C2",-0.240521988985553
"TCGA-IE-A3OV-01",42,"MALE","R0","STLMS","Lower Extremity - Thigh/knee",2,1,1.34154688569473,1,6.70225872689938,3.1,1,0.04,60,"C2",-0.234376247106713
"TCGA-IE-A4EH-01",35,"FEMALE","R0","ULMS","Gynecological - Uterus",2,0,2.24229979466119,0,2.24229979466119,1.83,0,0.02,30,"C2",-0.549764546252694
"TCGA-IE-A4EI-01",67,"FEMALE","R0","STLMS","Lower Extremity - Thigh/knee",2,0,1.62628336755647,0,1.62628336755647,2.42,1,0.17,40,"C2",-0.420105355575066
"TCGA-IE-A4EJ-01",84,"FEMALE","R1","UPS","Lower Extremity - Thigh/knee",2,0,0.268309377138946,0,0.268309377138946,2.92,1,0.32,79,"C1",0.511094261313752
"TCGA-IE-A4EK-01",54,"MALE","R1","STLMS","Retroperitoneum/Upper abdominal - Kidney",1,0,0.114989733059548,0,0.114989733059548,1.94,0,0.02,27,"C1",0.323529411764706
"TCGA-IE-A6BZ-01",65,"FEMALE","R0","MFS","Superficial Trunk - Buttock",3,0,1.65639972621492,0,1.65639972621492,2.8,1,0.1,83,"C2",-0.0935030728709394
"TCGA-IF-A4AJ-01",80,"MALE","R0","STLMS","Lower Extremity - Lower leg/calf",2,1,1.53319644079398,1,2.09993155373032,2.86,1,0.05,62,"C2",-0.295274962087956
"TCGA-IS-A3K6-01",55,"FEMALE","R2","ULMS","Gynecological - Uterus",2,0,2.34907597535934,1,2.34907597535934,1.93,0,0,46,"C2",-0.0895921462207678
"TCGA-IS-A3K7-01",63,"FEMALE","R0","ULMS","Gynecological - Uterus",2,1,0.32580424366872,0,14.2477754962355,1.63,0,0.14,137,"C2",-0.211030409450076
"TCGA-IW-A3M4-01",48,"FEMALE","R0","ULMS","Gynecological - Uterus",2,0,7.15947980835044,0,7.15947980835044,1.83,0,0,41,"C1",0.599529092505388
"TCGA-IW-A3M6-01",59,"FEMALE","R0","ULMS","Gynecological - Uterus",2,0,1.88364134154689,0,1.88364134154689,1.72,0,0.17,92,"C1",0.471386383590071
"TCGA-JV-A5VE-01",60,"FEMALE","R0","ULMS","Lower abdominal/Pelvic - Pelvic|Gynecological - Uterus",2,0,1.36618754277892,0,1.36618754277892,1.88,0,0.12,69,"C2",-0.222004948519435
"TCGA-JV-A75J-01",43,"FEMALE","R2","ULMS","Gynecological - Uterus",3,0,0.32580424366872,1,0.32580424366872,2.02,0,0.05,48,"C2",-0.276358847473861
"TCGA-K1-A3PN-01",64,"FEMALE","R0","ULMS","Gynecological - Uterus",2,0,8.43258042436687,0,8.43258042436687,1.94,0,0.09,73,"C2",-0.533841487748424
"TCGA-K1-A3PO-01",42,"MALE","R0","STLMS","Lower abdominal/Pelvic - Bladder",1,0,4.44079397672827,0,4.44079397672827,1.97,0,0,23,"C1",0.682177348551361
"TCGA-K1-A42W-01",65,"FEMALE","R0","STLMS","Retroperitoneum/Upper abdominal - Pancreas",2,1,2.26146475017112,0,5.1772758384668,2.81,1,0.12,45,"C2",-0.436786654960492
"TCGA-K1-A42X-01",62,"FEMALE","R0","ULMS","Gynecological - Uterus",2,0,10.3080082135524,0,10.3080082135524,1.91,0,0.04,60,"C1",0.327599968074068
"TCGA-K1-A6RU-01",66,"FEMALE","R1","UPS","Lower Extremity - Thigh/knee",3,1,0.388774811772758,1,1.94661190965092,NA,NA,NA,43,"C2",-0.0371538031766303
"TCGA-K1-A6RV-01",67,"MALE","R1","STLMS","Lower Extremity - Thigh/knee",3,0,0.432580424366872,0,0.432580424366872,2.93,1,0.15,95,"C2",-0.283701811796632
"TCGA-KD-A5QS-01",55,"FEMALE","RX","ULMS","Gynecological - Uterus",3,1,0.960985626283368,1,5.31416837782341,3.04,1,0.13,103,"C2",-0.270851624231782
"TCGA-KD-A5QT-01",69,"FEMALE","R0","ULMS","Gynecological - Uterus|Gynecological - Cervix",3,0,1.36618754277892,0,1.36618754277892,1.9,0,0.04,58,"C2",-0.309402186926331
"TCGA-KD-A5QU-01",41,"FEMALE","R0","ULMS","Gynecological - Uterus|Gynecological - Other (please specify",3,1,2.90212183436003,1,2.93771389459274,1.5,0,0.55,88,"C2",-0.522747226434672
"TCGA-KF-A41W-01",71,"FEMALE","RX","ULMS","Gynecological - Uterus",2,0,0.974674880219028,0,0.974674880219028,2.56,1,0.08,68,"C2",-0.354337935988507
"TCGA-LI-A9QH-01",72,"FEMALE","R2","UPS","Lower Extremity - Lower leg/calf",3,1,1.16632443531828,0,1.47843942505133,2.97,1,0.28,124,"C2",-0.245709952909251
"TCGA-MB-A5Y8-01",60,"FEMALE","R0","UPS","Lower Extremity - Lower leg/calf",2,0,2.11635865845311,0,2.11635865845311,1.75,0,0.12,41,"C2",-0.13544576582329
"TCGA-MB-A5Y9-01",90,"MALE","R1","UPS","Lower Extremity - Lower leg/calf",3,0,0.68993839835729,0,0.68993839835729,2.32,0,0.46,63,"C1",0.305970149253731
"TCGA-MB-A5YA-01",63,"MALE","R0","UPS","Retroperitoneum/Upper abdominal - Colon",2,0,0.0410677618069815,0,0.0410677618069815,1.94,0,0.02,44,"C2",-0.217455503232501
"TCGA-MB-A8JK-01",49,"MALE","RX","UPS","Lower Extremity - Thigh/knee",3,0,1.80971937029432,0,1.80971937029432,3.12,1,0.12,50,"C2",-0.356492936387581
"TCGA-MJ-A68H-01",57,"FEMALE","R0","ULMS","Lower abdominal/Pelvic - Other (please specify",2,0,1.24845995893224,0,1.24845995893224,3.26,1,0.1,59,"C2",-0.211748742916434
"TCGA-MJ-A68J-01",55,"FEMALE","R1","MFS","Lower Extremity - Lower leg/calf",1,0,1.49760438056126,0,1.49760438056126,2.04,0,0,27,"C1",0.665216697262351
"TCGA-MJ-A850-01",28,"MALE","RX","SS","Head and Neck - Neck|Head and Neck - Other (please specify",3,0,1.86447638603696,0,1.86447638603696,NA,NA,NA,71,"C1",0.382752015324447
"TCGA-MO-A47R-01",75,"FEMALE","R0","ULMS","Retroperitoneum/Upper abdominal - Intraabdominal",1,1,0.709103353867214,1,0.870636550308008,3.06,1,0,43,"C1",0.125947801101445
"TCGA-N1-A6IA-01",41,"FEMALE","RX","ULMS","Gynecological - Uterus",3,1,0.317590691307324,1,0.613278576317591,3.24,1,0.15,57,"C2",-0.351783861441456
"TCGA-PC-A5DK-01",63,"MALE","R0","STLMS","Retroperitoneum/Upper abdominal - Retroperitoneum",1,0,10.2395619438741,0,10.2395619438741,1.93,0,0.03,41,"C1",0.513488706201612
"TCGA-PC-A5DL-01",67,"MALE","RX","STLMS","Retroperitoneum/Upper abdominal - Retroperitoneum",2,0,3.12662559890486,NA,3.12662559890486,3.22,1,0.21,34,"C1",0.209513927687764
"TCGA-PC-A5DN-01",77,"FEMALE","R1","DDLPS","Retroperitoneum/Upper abdominal - Retroperitoneum",2,0,3.21697467488022,0,3.21697467488022,2.06,0,0.03,63,"C1",0.467674994013888
"TCGA-PC-A5DO-01",59,"FEMALE","R1","STLMS","Retroperitoneum/Upper abdominal - Retroperitoneum",2,0,6.7460643394935,1,6.7460643394935,1.75,0,0.13,42,"C2",-0.00151648176231145
"TCGA-QC-A6FX-01",68,"MALE","R0","UPS","Superficial Trunk - Back",3,0,1.74401095140315,0,1.74401095140315,2.21,1,0.21,62,"C1",0.306409130816506
"TCGA-QQ-A5V9-01",76,"MALE","R0","UPS","Retroperitoneum/Upper abdominal - Retroperitoneum",2,1,1.1088295687885,1,3.89869952087611,3.52,2,0.21,82,"C1",0.793000239444489
"TCGA-QQ-A5VB-01",53,"FEMALE","R1","STLMS","Lower Extremity - Groin",2,1,4.04106776180698,1,4.04654346338125,3.26,2,0.13,79,"C2",-0.225436986192034
"TCGA-QQ-A5VC-01",63,"FEMALE","R0","STLMS","Lower Extremity - Thigh/knee",3,0,2.98973305954825,0,2.98973305954825,2.5,1,0.32,87,"C2",-0.306209593742517
"TCGA-QQ-A8VH-01",31,"FEMALE","RX","MPNST","Chest - Other (please specify",2,0,0.876112251882272,1,0.876112251882272,1.88,0,0.34,74,"C1",0.0845638119562615
"TCGA-RN-A68Q-01",62,"FEMALE","RX","MPNST","Head and Neck - Other (please specify",2,0,0.0602327173169062,0,0.0602327173169062,NA,NA,NA,52,"C1",0.609266501716019
"TCGA-SG-A6Z4-01",47,"MALE","R1","UPS","Lower Extremity - Thigh/knee",3,1,0.287474332648871,0,1.57700205338809,3.05,1,0.43,62,"C2",-0.128821134966877
"TCGA-SG-A6Z7-01",44,"FEMALE","RX","DDLPS","Retroperitoneum/Upper abdominal - Kidney|Retroperitoneum/Upper abdominal - Liver|Retroperitoneum/Upper abdominal - Other (please specify",3,0,0.323066392881588,0,0.323066392881588,3.65,1,0.27,74,"C2",-0.0845239045414639
"TCGA-SG-A849-01",78,"MALE","R1","UPS","Upper Extremity - Upper arm/elbow",3,0,1.45927446954141,0,1.45927446954141,2.8,1,0.24,82,"C2",-0.387461090270572
"TCGA-SI-A71O-01",29,"MALE","RX","UPS","Lower Extremity - Other (please specify",3,1,0.722792607802875,1,1.90006844626968,1.83,0,0.78,53,"C2",-0.335940617766781
"TCGA-SI-A71P-01",50,"MALE","RX","MPNST",NA,3,0,2.11088295687885,0,2.11088295687885,3.26,1,0.25,45,"C1",0.554633250858009
"TCGA-SI-A71Q-01",34,"FEMALE","R0","MPNST","Chest - Chest wall",2,0,2.72689938398357,0,2.72689938398357,NA,NA,NA,69,"C2",-0.298826722004949
"TCGA-SI-AA8B-01",80,"FEMALE","R1","UPS","Lower Extremity - Thigh/knee",3,0,0.717316906228611,1,0.717316906228611,2.86,1,0.55,94,"C2",-0.0695985314071355
"TCGA-SI-AA8C-01",20,"FEMALE","R1","MPNST","Lower Extremity - Thigh/knee",2,1,0.747433264887064,0,1.63449691991786,1.84,0,0.18,31,"C1",0.226235134487988
"TCGA-VT-A80G-01",66,"MALE","R0","UPS","Lower Extremity - Other (please specify",3,1,0.0711841204654346,0,0.892539356605065,2.79,1,0.24,123,"C1",0.137361321733578
"TCGA-VT-A80J-01",49,"FEMALE","R0","UPS","Lower Extremity - Lower leg/calf",3,1,0.971937029431896,0,2.17932922655715,1.6,0,0.51,72,"C2",-0.382752015324447
"TCGA-VT-AB3D-01",71,"MALE","R0","UPS","Upper Extremity - Upper arm/elbow",2,0,1.03764544832307,0,1.03764544832307,1.86,0,0.33,75,"C1",0.167890494053795
"TCGA-WK-A8XO-01",66,"FEMALE","R0","DDLPS","Retroperitoneum/Upper abdominal - Retroperitoneum|Retroperitoneum/Upper abdominal - Small Intestines|Retroperitoneum/Upper abdominal - Other (please specify",3,0,0.993839835728953,1,0.993839835728953,1.92,0,0.09,46,"C1",0.0329635246228749
"TCGA-WK-A8XQ-01",57,"MALE","R2","UPS","Retroperitoneum/Upper abdominal - Intraabdominal|Retroperitoneum/Upper abdominal - Other (please specify",3,0,0.399726214921287,1,0.399726214921287,NA,NA,NA,51,"C1",0.0939021470189161
"TCGA-WK-A8XS-01",58,"FEMALE","R0","STLMS","Retroperitoneum/Upper abdominal - Gastric",2,0,7.06091718001369,0,7.06091718001369,3.28,1,0.12,68,"C2",-0.408173038550563
"TCGA-WK-A8XT-01",40,"FEMALE","R0","SS","Retroperitoneum/Upper abdominal - Kidney",3,1,2.26967830253251,1,3.45516769336071,1.93,0,0,86,"C1",0.508819538670285
"TCGA-WK-A8XX-01",70,"MALE","R0","STLMS","Retroperitoneum/Upper abdominal - Retroperitoneum|Retroperitoneum/Upper abdominal - Other (please specify",2,1,0.303901437371663,1,3.18685831622177,3.42,1,0.1,62,"C2",-0.198898555351584
"TCGA-WK-A8XY-01",53,"FEMALE","R1","STLMS","Retroperitoneum/Upper abdominal - Small Intestines|Retroperitoneum/Upper abdominal - Other (please specify",3,1,0.281998631074606,1,5.45106091718001,1.69,0,0,61,"C2",-0.203448000638519
"TCGA-WK-A8Y0-01",49,"FEMALE","R0","UPS","Chest - Chest wall",3,1,0.303901437371663,1,1.88364134154689,3.21,1,0.3,74,"C2",-0.401229148375768
"TCGA-WP-A9GB-01",59,"FEMALE","RX","ULMS","Gynecological - Uterus",3,1,0.58590006844627,1,0.714579055441478,3.02,1,0.06,168,"C2",-0.41763109585761
"TCGA-X2-A95T-01",49,"FEMALE","R0","ULMS","Gynecological - Uterus",3,0,5.27583846680356,0,5.27583846680356,1.91,0,0,72,"C2",-0.192792720887541
"TCGA-X6-A7W8-01",89,"MALE","R1","MFS","Lower Extremity - Thigh/knee",3,1,0.399726214921287,1,2.20123203285421,2.65,1,0.19,83,"C2",-0.115332428765265
"TCGA-X6-A7WC-01",74,"MALE","R0","UPS","Lower Extremity - Thigh/knee",3,1,0.824093086926763,0,3.77549623545517,3.11,1,0.16,134,"C2",-0.150730305690797
"TCGA-X6-A7WD-01",63,"FEMALE","R0","STLMS","Lower Extremity - Lower leg/calf",3,1,1.52772073921971,0,2.56810403832991,1.94,0,0.17,78,"C2",-0.372695346795435
"TCGA-X6-A8C2-01",56,"MALE","R1","UPS","Lower Extremity - Lower leg/calf",3,0,2.92950034223135,0,2.92950034223135,2.96,1,0.24,86,"C2",-0.312195705962168
"TCGA-X6-A8C3-01",59,"FEMALE","R1","MFS","Lower Extremity - Lower leg/calf",3,0,1.59616700889802,0,1.59616700889802,3.42,1,0.29,85,"C2",-0.508500279351904
"TCGA-X6-A8C5-01",63,"FEMALE","R0","STLMS","Retroperitoneum/Upper abdominal - Small Intestines",2,0,4.23545516769336,0,4.23545516769336,1.87,0,0.12,86,"C1",0.391810998483518
"TCGA-X6-A8C7-01",24,"FEMALE","R0","SS","Lower Extremity - Foot/ankle",3,0,2.45311430527036,0,2.45311430527036,1.96,0,0.03,24,"C1",0.596935110543539
"TCGA-X9-A971-01",52,"FEMALE","R0","STLMS","Upper Extremity - Shoulder/axilla",2,1,0.613278576317591,0,2.27515400410678,1.85,0,0.34,68,"C2",-0.489025460930641
"TCGA-Z4-AAPF-01",35,"FEMALE","R0","SS","Upper Extremity - Upper arm/elbow",2,0,1.32785763175907,0,1.32785763175907,2.36,0,0.05,37,"C1",0.404222204485593
"TCGA-Z4-AAPG-01",64,"FEMALE","R0","UPS","Retroperitoneum/Upper abdominal - Retroperitoneum",2,0,1.3305954825462,0,1.3305954825462,3.07,1,0.3,60,"C2",-0.431199616888818
